<?xml version="1.0" encoding="UTF-8"?>
<project xmlns="http://maven.apache.org/POM/4.0.0" xmlns:xsi="http://www.w3.org/2001/XMLSchema-instance" xsi:schemaLocation="http://maven.apache.org/POM/4.0.0 http://maven.apache.org/maven-v4_0_0.xsd">
  <parent>
    <artifactId>spring-boot-starter-parent</artifactId>
    <groupId>org.springframework.boot</groupId>
    <version>2.1.3.RELEASE</version>
    <relativePath>pom.xml</relativePath>
  </parent>
  <modelVersion>4.0.0</modelVersion>
  <groupId>com.practice</groupId>
  <artifactId>movie-catalogue-service</artifactId>
  <name>movie-catalogue-service</name>
  <version>0.0.1-SNAPSHOT</version>
  <description>Demo project for Spring Boot</description>
  <build>
    <plugins>
      <plugin>
        <groupId>org.springframework.boot</groupId>
        <artifactId>spring-boot-maven-plugin</artifactId>
      </plugin>
      <plugin>
        <artifactId>maven-shade-plugin</artifactId>
        <executions>
          <execution>
            <phase>package</phase>
            <goals>
              <goal>shade</goal>
            </goals>
          </execution>
        </executions>
        <configuration />
      </plugin>
    </plugins>
  </build>
  <dependencies>
    <dependency>
      <groupId>org.springframework.boot</groupId>
      <artifactId>spring-boot-starter-web</artifactId>
      <version>2.1.3.RELEASE</version>
      <scope>provided</scope>
    </dependency>
    <dependency>
      <groupId>org.springframework.cloud</groupId>
      <artifactId>spring-cloud-starter-netflix-eureka-client</artifactId>
      <version>2.0.2.RELEASE</version>
      <scope>provided</scope>
    </dependency>
    <dependency>
      <groupId>org.springframework.boot</groupId>
      <artifactId>spring-boot-starter-test</artifactId>
      <version>2.1.3.RELEASE</version>
      <scope>test</scope>
      <exclusions>
        <exclusion>
          <artifactId>spring-boot-test</artifactId>
          <groupId>org.springframework.boot</groupId>
        </exclusion>
        <exclusion>
          <artifactId>spring-boot-test-autoconfigure</artifactId>
          <groupId>org.springframework.boot</groupId>
        </exclusion>
        <exclusion>
          <artifactId>json-path</artifactId>
          <groupId>com.jayway.jsonpath</groupId>
        </exclusion>
        <exclusion>
          <artifactId>junit</artifactId>
          <groupId>junit</groupId>
        </exclusion>
        <exclusion>
          <artifactId>assertj-core</artifactId>
          <groupId>org.assertj</groupId>
        </exclusion>
        <exclusion>
          <artifactId>mockito-core</artifactId>
          <groupId>org.mockito</groupId>
        </exclusion>
        <exclusion>
          <artifactId>hamcrest-core</artifactId>
          <groupId>org.hamcrest</groupId>
        </exclusion>
        <exclusion>
          <artifactId>hamcrest-library</artifactId>
          <groupId>org.hamcrest</groupId>
        </exclusion>
        <exclusion>
          <artifactId>jsonassert</artifactId>
          <groupId>org.skyscreamer</groupId>
        </exclusion>
        <exclusion>
          <artifactId>spring-test</artifactId>
          <groupId>org.springframework</groupId>
        </exclusion>
        <exclusion>
          <artifactId>xmlunit-core</artifactId>
          <groupId>org.xmlunit</groupId>
        </exclusion>
      </exclusions>
    </dependency>
  </dependencies>
  <properties>
    <java.version>1.8</java.version>
  </properties>
</project>
